Transactions,Conflicts,ConflictPercentage
200,147,73.5
700,468,66.85714285714286
1200,668,55.666666666666664
1700,791,46.52941176470588
2200,812,36.90909090909091
2700,891,33.0
3200,815,25.46875
3700,834,22.54054054054054
4200,856,20.38095238095238
4700,782,16.638297872340427
